{"cameraMode":{"drawMode":0,"name":"Shaded","section":"Shading Mode"},"sceneLighting":true,"audioPlay":false,"sceneViewState":{"m_AlwaysRefresh":false,"showFog":true,"showSkybox":true,"showFlares":true,"showImageEffects":true,"showParticleSystems":true,"showVisualEffectGraphs":true,"m_FxEnabled":true},"in2DMode":false,"pivot":{"x":2403.7880859375,"y":-3.5557003021240236,"z":-343.12933349609377},"rotation":{"x":0.029374904930591584,"y":-0.03597678616642952,"z":0.001057898043654859,"w":0.9989204406738281},"size":281.04205322265627,"orthographic":false}