{"cameraMode":{"drawMode":0,"name":"Shaded","section":"Shading Mode"},"sceneLighting":true,"audioPlay":false,"sceneViewState":{"m_AlwaysRefresh":false,"showFog":true,"showSkybox":true,"showFlares":true,"showImageEffects":true,"showParticleSystems":true,"showVisualEffectGraphs":true,"m_FxEnabled":true},"in2DMode":false,"pivot":{"x":872.4917602539063,"y":645.4708862304688,"z":3.705810546875},"rotation":{"x":0.011999793350696564,"y":-0.001204434665851295,"z":0.000014197557902662084,"w":0.9999310970306397},"size":506.367431640625,"orthographic":false}