{"cameraMode":{"drawMode":0,"name":"Shaded","section":"Shading Mode"},"sceneLighting":true,"audioPlay":false,"sceneViewState":{"m_AlwaysRefresh":false,"showFog":true,"showSkybox":true,"showFlares":true,"showImageEffects":true,"showParticleSystems":true,"showVisualEffectGraphs":true,"m_FxEnabled":true},"in2DMode":false,"pivot":{"x":955.9183959960938,"y":535.1450805664063,"z":235.89013671875},"rotation":{"x":0.01019083708524704,"y":0.0009103787015192211,"z":0.000009190947821480222,"w":-0.9999555945396423},"size":888.5518188476563,"orthographic":false}