{"cameraMode":{"drawMode":0,"name":"Shaded","section":"Shading Mode"},"sceneLighting":true,"audioPlay":false,"sceneViewState":{"m_AlwaysRefresh":false,"showFog":true,"showSkybox":true,"showFlares":true,"showImageEffects":true,"showParticleSystems":true,"showVisualEffectGraphs":true,"m_FxEnabled":true},"in2DMode":false,"pivot":{"x":811.556884765625,"y":365.6634216308594,"z":-0.2342529296875},"rotation":{"x":0.004808944184333086,"y":0.0005509170587174594,"z":-0.00002014392703131307,"w":1.0000156164169312},"size":669.3983154296875,"orthographic":false}