{"cameraMode":{"drawMode":0,"name":"Shaded","section":"Shading Mode"},"sceneLighting":false,"audioPlay":false,"sceneViewState":{"m_AlwaysRefresh":false,"showFog":true,"showSkybox":false,"showFlares":true,"showImageEffects":true,"showParticleSystems":true,"showVisualEffectGraphs":true,"m_FxEnabled":true},"in2DMode":false,"pivot":{"x":-0.00039267539978027344,"y":0.6210850477218628,"z":0.023656368255615236},"rotation":{"x":-0.21533580124378205,"y":0.6002432107925415,"z":-0.17215637862682343,"w":-0.7508128881454468},"size":1.480891466140747,"orthographic":false}