{"cameraMode":{"drawMode":0,"name":"Shaded","section":"Shading Mode"},"sceneLighting":false,"audioPlay":false,"sceneViewState":{"m_AlwaysRefresh":false,"showFog":true,"showSkybox":false,"showFlares":true,"showImageEffects":true,"showParticleSystems":true,"showVisualEffectGraphs":true,"m_FxEnabled":true},"in2DMode":false,"pivot":{"x":-475.30999755859377,"y":7.221626281738281,"z":-249.54037475585938},"rotation":{"x":0.35371285676956179,"y":-0.4322741627693176,"z":0.18932175636291505,"w":0.8076052665710449},"size":10.307843208312989,"orthographic":false}